workload,capacity,policy,comparator,trials,fault_rate_reduction_pp_mean,fault_rate_reduction_pp_std,wins,ties,losses
locality,10,RL-FixedCommit-20,Best-fixed (hindsight),10,-4.503333333333333,2.901487485692404,1,0,9
locality,10,RL-FixedCommit-20,FIFO,10,4.073333333333333,2.6776993994983966,10,0,0
locality,10,RL-FixedCommit-20,LFU,10,-4.503333333333333,2.901487485692404,1,0,9
locality,10,RL-FixedCommit-20,LRU,10,2.7233333333333336,2.6897175031801352,9,0,1
locality,10,RL-FixedCommit-20,LeCaR-inspired,10,1.7933333333333334,2.8379178595896284,8,0,2
locality,10,RL-FixedCommit-20,MRU,10,21.55,3.254939266657618,10,0,0
locality,10,RL-FixedCommit-20,OPT,10,-26.03333333333333,2.618547330765055,0,0,10
locality,10,RL-FixedCommit-20,RL-Windowed,10,-0.32666666666666666,3.765299653610783,3,0,7
locality,10,RL-Windowed,Best-fixed (hindsight),10,-4.176666666666667,2.6845718328861916,0,0,10
locality,10,RL-Windowed,FIFO,10,4.4,2.406729249211956,10,0,0
locality,10,RL-Windowed,LFU,10,-4.176666666666667,2.6845718328861916,0,0,10
locality,10,RL-Windowed,LRU,10,3.05,2.53514798555074,8,0,2
locality,10,RL-Windowed,LeCaR-inspired,10,2.12,2.4167726668962453,7,0,3
locality,10,RL-Windowed,MRU,10,21.876666666666665,2.527236816352185,10,0,0
locality,10,RL-Windowed,OPT,10,-25.706666666666667,2.4249627717646396,0,0,10
locality,10,RL-Windowed,RL-FixedCommit-20,10,0.32666666666666666,3.765299653610783,7,0,3
locality,20,RL-FixedCommit-20,Best-fixed (hindsight),10,-8.126666666666667,5.81782700938341,1,1,8
locality,20,RL-FixedCommit-20,FIFO,10,14.953333333333333,5.283942598355517,10,0,0
locality,20,RL-FixedCommit-20,LFU,10,-8.126666666666667,5.81782700938341,1,1,8
locality,20,RL-FixedCommit-20,LRU,10,9.34,5.614109210036996,9,0,1
locality,20,RL-FixedCommit-20,LeCaR-inspired,10,2.79,5.311972268632061,8,0,2
locality,20,RL-FixedCommit-20,MRU,10,43.2,4.730567788853498,10,0,0
locality,20,RL-FixedCommit-20,OPT,10,-12.553333333333333,5.462107403187035,0,0,10
locality,20,RL-FixedCommit-20,RL-Windowed,10,4.773333333333333,6.583195966686885,7,0,3
locality,20,RL-Windowed,Best-fixed (hindsight),10,-12.9,4.490648719943025,0,0,10
locality,20,RL-Windowed,FIFO,10,10.18,4.564305959167164,10,0,0
locality,20,RL-Windowed,LFU,10,-12.9,4.490648719943025,0,0,10
locality,20,RL-Windowed,LRU,10,4.566666666666666,4.944107354302109,8,0,2
locality,20,RL-Windowed,LeCaR-inspired,10,-1.9833333333333334,3.9890358994884223,2,0,8
locality,20,RL-Windowed,MRU,10,38.42666666666667,4.479384878405615,10,0,0
locality,20,RL-Windowed,OPT,10,-17.326666666666668,4.557473850855819,0,0,10
locality,20,RL-Windowed,RL-FixedCommit-20,10,-4.773333333333333,6.583195966686885,3,0,7
locality,40,RL-FixedCommit-20,Best-fixed (hindsight),10,-3.4233333333333333,3.350513135566691,1,0,9
locality,40,RL-FixedCommit-20,FIFO,10,6.05,3.506369864921502,9,0,1
locality,40,RL-FixedCommit-20,LFU,10,-3.4133333333333336,3.359129810891469,1,0,9
locality,40,RL-FixedCommit-20,LRU,10,-2.6066666666666665,3.191493322823914,1,0,9
locality,40,RL-FixedCommit-20,LeCaR-inspired,10,-3.0233333333333334,3.2161264178826166,1,0,9
locality,40,RL-FixedCommit-20,MRU,10,36.833333333333336,4.6680685724966455,10,0,0
locality,40,RL-FixedCommit-20,OPT,10,-9.436666666666667,3.3367186513136957,0,0,10
locality,40,RL-FixedCommit-20,RL-Windowed,10,0.3233333333333333,5.44283536312862,5,0,5
locality,40,RL-Windowed,Best-fixed (hindsight),10,-3.7466666666666666,3.706723953727307,0,0,10
locality,40,RL-Windowed,FIFO,10,5.726666666666667,3.7192791017933886,9,0,1
locality,40,RL-Windowed,LFU,10,-3.7366666666666664,3.715581140262791,0,0,10
locality,40,RL-Windowed,LRU,10,-2.93,3.703300163201119,4,0,6
locality,40,RL-Windowed,LeCaR-inspired,10,-3.3466666666666667,3.5883625345012655,2,0,8
locality,40,RL-Windowed,MRU,10,36.51,4.618028278950355,10,0,0
locality,40,RL-Windowed,OPT,10,-9.76,3.6112923031465387,0,0,10
locality,40,RL-Windowed,RL-FixedCommit-20,10,-0.3233333333333333,5.44283536312862,5,0,5
looping,10,RL-FixedCommit-20,Best-fixed (hindsight),10,0.0,0.0,0,10,0
looping,10,RL-FixedCommit-20,FIFO,10,27.9,0.0,10,0,0
looping,10,RL-FixedCommit-20,LFU,10,27.9,0.0,10,0,0
looping,10,RL-FixedCommit-20,LRU,10,27.9,0.0,10,0,0
looping,10,RL-FixedCommit-20,LeCaR-inspired,10,27.9,0.0,10,0,0
looping,10,RL-FixedCommit-20,MRU,10,0.0,0.0,0,10,0
looping,10,RL-FixedCommit-20,OPT,10,0.0,0.0,0,10,0
looping,10,RL-FixedCommit-20,RL-Windowed,10,0.18,0.15491933384829668,6,4,0
looping,10,RL-Windowed,Best-fixed (hindsight),10,-0.18,0.15491933384829668,0,4,6
looping,10,RL-Windowed,FIFO,10,27.72,0.1549193338482952,10,0,0
looping,10,RL-Windowed,LFU,10,27.72,0.1549193338482952,10,0,0
looping,10,RL-Windowed,LRU,10,27.72,0.1549193338482952,10,0,0
looping,10,RL-Windowed,LeCaR-inspired,10,27.72,0.1549193338482952,10,0,0
looping,10,RL-Windowed,MRU,10,-0.18,0.15491933384829668,0,4,6
looping,10,RL-Windowed,OPT,10,-0.18,0.15491933384829668,0,4,6
looping,10,RL-Windowed,RL-FixedCommit-20,10,-0.18,0.15491933384829668,0,4,6
looping,20,RL-FixedCommit-20,Best-fixed (hindsight),10,0.0,0.0,0,10,0
looping,20,RL-FixedCommit-20,FIFO,10,58.9,0.0,10,0,0
looping,20,RL-FixedCommit-20,LFU,10,58.9,0.0,10,0,0
looping,20,RL-FixedCommit-20,LRU,10,58.9,0.0,10,0,0
looping,20,RL-FixedCommit-20,LeCaR-inspired,10,58.9,0.0,10,0,0
looping,20,RL-FixedCommit-20,MRU,10,0.0,0.0,0,10,0
looping,20,RL-FixedCommit-20,OPT,10,0.0,0.0,0,10,0
looping,20,RL-FixedCommit-20,RL-Windowed,10,0.38,0.32705192701307073,6,4,0
looping,20,RL-Windowed,Best-fixed (hindsight),10,-0.38,0.32705192701307073,0,4,6
looping,20,RL-Windowed,FIFO,10,58.519999999999996,0.3270519270130705,10,0,0
looping,20,RL-Windowed,LFU,10,58.519999999999996,0.3270519270130705,10,0,0
looping,20,RL-Windowed,LRU,10,58.519999999999996,0.3270519270130705,10,0,0
looping,20,RL-Windowed,LeCaR-inspired,10,58.519999999999996,0.3270519270130705,10,0,0
looping,20,RL-Windowed,MRU,10,-0.38,0.32705192701307073,0,4,6
looping,20,RL-Windowed,OPT,10,-0.38,0.32705192701307073,0,4,6
looping,20,RL-Windowed,RL-FixedCommit-20,10,-0.38,0.32705192701307073,0,4,6
looping,40,RL-FixedCommit-20,Best-fixed (hindsight),10,0.0,0.0,0,10,0
looping,40,RL-FixedCommit-20,FIFO,10,0.0,0.0,0,10,0
looping,40,RL-FixedCommit-20,LFU,10,0.0,0.0,0,10,0
looping,40,RL-FixedCommit-20,LRU,10,0.0,0.0,0,10,0
looping,40,RL-FixedCommit-20,LeCaR-inspired,10,0.0,0.0,0,10,0
looping,40,RL-FixedCommit-20,MRU,10,0.0,0.0,0,10,0
looping,40,RL-FixedCommit-20,OPT,10,0.0,0.0,0,10,0
looping,40,RL-FixedCommit-20,RL-Windowed,10,0.0,0.0,0,10,0
looping,40,RL-Windowed,Best-fixed (hindsight),10,0.0,0.0,0,10,0
looping,40,RL-Windowed,FIFO,10,0.0,0.0,0,10,0
looping,40,RL-Windowed,LFU,10,0.0,0.0,0,10,0
looping,40,RL-Windowed,LRU,10,0.0,0.0,0,10,0
looping,40,RL-Windowed,LeCaR-inspired,10,0.0,0.0,0,10,0
looping,40,RL-Windowed,MRU,10,0.0,0.0,0,10,0
looping,40,RL-Windowed,OPT,10,0.0,0.0,0,10,0
looping,40,RL-Windowed,RL-FixedCommit-20,10,0.0,0.0,0,10,0
mixed,10,RL-FixedCommit-20,Best-fixed (hindsight),10,-0.8033333333333333,7.149107688428027,3,0,7
mixed,10,RL-FixedCommit-20,FIFO,10,7.116666666666667,4.756807986688366,10,0,0
mixed,10,RL-FixedCommit-20,LFU,10,-0.6733333333333333,7.258775872038882,3,0,7
mixed,10,RL-FixedCommit-20,LRU,10,6.77,4.767986090376596,10,0,0
mixed,10,RL-FixedCommit-20,LeCaR-inspired,10,6.68,4.657350489306867,10,0,0
mixed,10,RL-FixedCommit-20,MRU,10,6.6866666666666665,5.538578504621186,9,0,1
mixed,10,RL-FixedCommit-20,OPT,10,-18.54,3.002007558737328,0,0,10
mixed,10,RL-FixedCommit-20,RL-Windowed,10,-0.0633333333333333,3.4867102185510266,4,0,6
mixed,10,RL-Windowed,Best-fixed (hindsight),10,-0.7400000000000001,6.191527464663224,4,0,6
mixed,10,RL-Windowed,FIFO,10,7.18,4.329091941393372,10,0,0
mixed,10,RL-Windowed,LFU,10,-0.61,6.342723058944726,4,0,6
mixed,10,RL-Windowed,LRU,10,6.833333333333333,4.323750086997954,10,0,0
mixed,10,RL-Windowed,LeCaR-inspired,10,6.743333333333333,4.203879748312457,10,0,0
mixed,10,RL-Windowed,MRU,10,6.75,4.676134575469491,10,0,0
mixed,10,RL-Windowed,OPT,10,-18.476666666666667,3.3222054997721093,0,0,10
mixed,10,RL-Windowed,RL-FixedCommit-20,10,0.0633333333333333,3.4867102185510266,6,0,4
mixed,20,RL-FixedCommit-20,Best-fixed (hindsight),10,-0.596666666666667,10.74531709658551,4,0,6
mixed,20,RL-FixedCommit-20,FIFO,10,14.646666666666667,7.349967666007656,10,0,0
mixed,20,RL-FixedCommit-20,LFU,10,0.15333333333333324,11.40736387678082,5,0,5
mixed,20,RL-FixedCommit-20,LRU,10,16.536666666666665,7.605414737759758,10,0,0
mixed,20,RL-FixedCommit-20,LeCaR-inspired,10,14.723333333333333,7.512755408447722,10,0,0
mixed,20,RL-FixedCommit-20,MRU,10,14.126666666666667,7.2978231153010436,9,0,1
mixed,20,RL-FixedCommit-20,OPT,10,-21.55,6.5875724748279705,0,0,10
mixed,20,RL-FixedCommit-20,RL-Windowed,10,0.46333333333333326,8.59161879858778,5,1,4
mixed,20,RL-Windowed,Best-fixed (hindsight),10,-1.06,11.273390498573768,3,0,7
mixed,20,RL-Windowed,FIFO,10,14.183333333333334,7.987803202382993,10,0,0
mixed,20,RL-Windowed,LFU,10,-0.31000000000000005,12.509976759311686,4,0,6
mixed,20,RL-Windowed,LRU,10,16.073333333333334,10.239909818275732,10,0,0
mixed,20,RL-Windowed,LeCaR-inspired,10,14.26,10.405421189142551,10,0,0
mixed,20,RL-Windowed,MRU,10,13.663333333333334,10.478389872541852,9,0,1
mixed,20,RL-Windowed,OPT,10,-22.013333333333332,4.684653168447156,0,0,10
mixed,20,RL-Windowed,RL-FixedCommit-20,10,-0.46333333333333326,8.59161879858778,4,1,5
mixed,40,RL-FixedCommit-20,Best-fixed (hindsight),10,-7.88,3.720155313364693,0,0,10
mixed,40,RL-FixedCommit-20,FIFO,10,-0.050000000000000065,6.558704516767897,5,0,5
mixed,40,RL-FixedCommit-20,LFU,10,-4.79,6.169739974911803,3,0,7
mixed,40,RL-FixedCommit-20,LRU,10,-1.76,6.298516384195195,4,0,6
mixed,40,RL-FixedCommit-20,LeCaR-inspired,10,-2.0300000000000002,6.191480606346549,4,0,6
mixed,40,RL-FixedCommit-20,MRU,10,11.653333333333332,10.248194059515143,9,0,1
mixed,40,RL-FixedCommit-20,OPT,10,-20.136666666666667,5.783681812534467,0,0,10
mixed,40,RL-FixedCommit-20,RL-Windowed,10,-4.99,4.855925488069088,2,0,8
mixed,40,RL-Windowed,Best-fixed (hindsight),10,-2.89,4.601504048262138,2,0,8
mixed,40,RL-Windowed,FIFO,10,4.94,4.341240648751272,8,0,2
mixed,40,RL-Windowed,LFU,10,0.20000000000000007,8.540390600255838,3,0,7
mixed,40,RL-Windowed,LRU,10,3.23,4.5252501465542085,7,0,3
mixed,40,RL-Windowed,LeCaR-inspired,10,2.96,4.386336810743556,7,0,3
mixed,40,RL-Windowed,MRU,10,16.643333333333334,9.515018018965312,10,0,0
mixed,40,RL-Windowed,OPT,10,-15.146666666666667,3.702391619440562,0,0,10
mixed,40,RL-Windowed,RL-FixedCommit-20,10,4.99,4.855925488069088,8,0,2
random,10,RL-FixedCommit-20,Best-fixed (hindsight),10,-0.26999999999999996,0.46012612334306346,2,1,7
random,10,RL-FixedCommit-20,FIFO,10,0.20666666666666667,0.4144906140503093,7,1,2
random,10,RL-FixedCommit-20,LFU,10,0.38666666666666666,0.7880590314418311,7,0,3
random,10,RL-FixedCommit-20,LRU,10,0.14333333333333334,0.4774029537475796,5,1,4
random,10,RL-FixedCommit-20,LeCaR-inspired,10,0.19666666666666666,0.5087991187196343,7,0,3
random,10,RL-FixedCommit-20,MRU,10,0.2366666666666667,0.7454305243727726,7,1,2
random,10,RL-FixedCommit-20,OPT,10,-24.816666666666666,0.5043636743951551,0,0,10
random,10,RL-FixedCommit-20,RL-Windowed,10,0.2,0.5822476669588401,7,0,3
random,10,RL-Windowed,Best-fixed (hindsight),10,-0.47000000000000003,0.521737363568309,2,0,8
random,10,RL-Windowed,FIFO,10,0.006666666666666673,0.5586138046235962,5,0,5
random,10,RL-Windowed,LFU,10,0.18666666666666668,0.8985859948404809,5,0,5
random,10,RL-Windowed,LRU,10,-0.056666666666666664,0.6265819485682659,4,1,5
random,10,RL-Windowed,LeCaR-inspired,10,-0.0033333333333333435,0.6125135423043092,4,2,4
random,10,RL-Windowed,MRU,10,0.03666666666666664,0.8665883155466472,4,0,6
random,10,RL-Windowed,OPT,10,-25.016666666666666,0.5670478021089084,0,0,10
random,10,RL-Windowed,RL-FixedCommit-20,10,-0.2,0.5822476669588401,3,0,7
random,20,RL-FixedCommit-20,Best-fixed (hindsight),10,-0.44666666666666666,1.0691175546585194,2,0,8
random,20,RL-FixedCommit-20,FIFO,10,0.4266666666666667,1.2777101431375362,6,1,3
random,20,RL-FixedCommit-20,LFU,10,0.14666666666666667,0.6252308215746514,5,0,5
random,20,RL-FixedCommit-20,LRU,10,0.3633333333333333,1.071338150211578,6,0,4
random,20,RL-FixedCommit-20,LeCaR-inspired,10,0.35333333333333333,1.074301380800622,6,0,4
random,20,RL-FixedCommit-20,MRU,10,0.20333333333333334,1.249636984324885,7,0,3
random,20,RL-FixedCommit-20,OPT,10,-31.136666666666667,1.2104942363746696,0,0,10
random,20,RL-FixedCommit-20,RL-Windowed,10,0.13333333333333336,1.199485486406053,7,0,3
random,20,RL-Windowed,Best-fixed (hindsight),10,-0.58,0.641410482770127,2,0,8
random,20,RL-Windowed,FIFO,10,0.29333333333333333,0.5824172701278783,6,1,3
random,20,RL-Windowed,LFU,10,0.01333333333333332,1.0820876028524278,3,0,7
random,20,RL-Windowed,LRU,10,0.23,0.5378168029917315,6,0,4
random,20,RL-Windowed,LeCaR-inspired,10,0.22,0.6098370557516993,6,0,4
random,20,RL-Windowed,MRU,10,0.07000000000000002,0.8769264507357502,4,0,6
random,20,RL-Windowed,OPT,10,-31.27,0.41289403178234685,0,0,10
random,20,RL-Windowed,RL-FixedCommit-20,10,-0.13333333333333336,1.199485486406053,3,0,7
random,40,RL-FixedCommit-20,Best-fixed (hindsight),10,-0.9133333333333333,0.974641434541917,1,0,9
random,40,RL-FixedCommit-20,FIFO,10,0.05666666666666666,0.9614867602434559,5,0,5
random,40,RL-FixedCommit-20,LFU,10,-0.1366666666666667,0.7162057087764315,4,0,6
random,40,RL-FixedCommit-20,LRU,10,-0.07666666666666667,0.9823189997571821,5,2,3
random,40,RL-FixedCommit-20,LeCaR-inspired,10,-0.05666666666666666,0.8623897317238396,5,1,4
random,40,RL-FixedCommit-20,MRU,10,-0.15666666666666668,1.2155423521525457,5,0,5
random,40,RL-FixedCommit-20,OPT,10,-31.39333333333333,0.7159212316145839,0,0,10
random,40,RL-FixedCommit-20,RL-Windowed,10,0.06000000000000001,0.7957913989339693,5,1,4
random,40,RL-Windowed,Best-fixed (hindsight),10,-0.9733333333333334,0.7887793351160849,1,0,9
random,40,RL-Windowed,FIFO,10,-0.0033333333333333396,0.7125766148974898,4,0,6
random,40,RL-Windowed,LFU,10,-0.19666666666666668,1.0348793691256848,3,0,7
random,40,RL-Windowed,LRU,10,-0.1366666666666667,0.7795931195814683,5,0,5
random,40,RL-Windowed,LeCaR-inspired,10,-0.11666666666666665,0.7144453084494516,5,0,5
random,40,RL-Windowed,MRU,10,-0.2166666666666667,1.285075777176747,4,1,5
random,40,RL-Windowed,OPT,10,-31.453333333333333,0.4458865492642885,0,0,10
random,40,RL-Windowed,RL-FixedCommit-20,10,-0.06000000000000001,0.7957913989339693,4,1,5
sequential,10,RL-FixedCommit-20,Best-fixed (hindsight),10,-3.6,4.6475800154489,0,6,4
sequential,10,RL-FixedCommit-20,FIFO,10,5.4,4.6475800154489,6,4,0
sequential,10,RL-FixedCommit-20,LFU,10,5.4,4.6475800154489,6,4,0
sequential,10,RL-FixedCommit-20,LRU,10,5.4,4.6475800154489,6,4,0
sequential,10,RL-FixedCommit-20,LeCaR-inspired,10,5.4,4.6475800154489,6,4,0
sequential,10,RL-FixedCommit-20,MRU,10,-3.6,4.6475800154489,0,6,4
sequential,10,RL-FixedCommit-20,OPT,10,-3.6,4.6475800154489,0,6,4
sequential,10,RL-FixedCommit-20,RL-Windowed,10,-0.6899999999999998,5.0339845053396814,6,2,2
sequential,10,RL-Windowed,Best-fixed (hindsight),10,-2.91,4.202499256394937,0,0,10
sequential,10,RL-Windowed,FIFO,10,6.09,4.202499256394937,7,3,0
sequential,10,RL-Windowed,LFU,10,6.09,4.202499256394937,7,3,0
sequential,10,RL-Windowed,LRU,10,6.09,4.202499256394937,7,3,0
sequential,10,RL-Windowed,LeCaR-inspired,10,6.09,4.202499256394937,7,3,0
sequential,10,RL-Windowed,MRU,10,-2.91,4.202499256394937,0,0,10
sequential,10,RL-Windowed,OPT,10,-2.91,4.202499256394937,0,0,10
sequential,10,RL-Windowed,RL-FixedCommit-20,10,0.6899999999999998,5.0339845053396814,2,2,6
sequential,20,RL-FixedCommit-20,Best-fixed (hindsight),10,-3.8,8.011103405759894,0,8,2
sequential,20,RL-FixedCommit-20,FIFO,10,15.2,8.011103405759894,8,2,0
sequential,20,RL-FixedCommit-20,LFU,10,15.2,8.011103405759894,8,2,0
sequential,20,RL-FixedCommit-20,LRU,10,15.2,8.011103405759894,8,2,0
sequential,20,RL-FixedCommit-20,LeCaR-inspired,10,15.2,8.011103405759894,8,2,0
sequential,20,RL-FixedCommit-20,MRU,10,-3.8,8.011103405759894,0,8,2
sequential,20,RL-FixedCommit-20,OPT,10,-3.8,8.011103405759894,0,8,2
sequential,20,RL-FixedCommit-20,RL-Windowed,10,0.44333333333333325,8.81145508646221,7,2,1
sequential,20,RL-Windowed,Best-fixed (hindsight),10,-4.243333333333333,7.779952870465648,0,1,9
sequential,20,RL-Windowed,FIFO,10,14.756666666666668,7.779952870465648,8,2,0
sequential,20,RL-Windowed,LFU,10,14.756666666666668,7.779952870465648,8,2,0
sequential,20,RL-Windowed,LRU,10,14.756666666666668,7.779952870465648,8,2,0
sequential,20,RL-Windowed,LeCaR-inspired,10,14.756666666666668,7.779952870465648,8,2,0
sequential,20,RL-Windowed,MRU,10,-4.243333333333333,7.779952870465648,0,1,9
sequential,20,RL-Windowed,OPT,10,-4.243333333333333,7.779952870465648,0,1,9
sequential,20,RL-Windowed,RL-FixedCommit-20,10,-0.44333333333333325,8.81145508646221,1,2,7
sequential,40,RL-FixedCommit-20,Best-fixed (hindsight),10,-3.8666666666666663,12.227473619317733,0,9,1
sequential,40,RL-FixedCommit-20,FIFO,10,34.8,12.227473619317733,9,1,0
sequential,40,RL-FixedCommit-20,LFU,10,34.8,12.227473619317733,9,1,0
sequential,40,RL-FixedCommit-20,LRU,10,34.8,12.227473619317733,9,1,0
sequential,40,RL-FixedCommit-20,LeCaR-inspired,10,34.8,12.227473619317733,9,1,0
sequential,40,RL-FixedCommit-20,MRU,10,-3.8666666666666663,12.227473619317733,0,9,1
sequential,40,RL-FixedCommit-20,OPT,10,-3.8666666666666663,12.227473619317733,0,9,1
sequential,40,RL-FixedCommit-20,RL-Windowed,10,15.6,19.853040318211796,8,2,0
sequential,40,RL-Windowed,Best-fixed (hindsight),10,-19.466666666666665,20.238821026512632,0,1,9
sequential,40,RL-Windowed,FIFO,10,19.2,20.238821026512635,5,5,0
sequential,40,RL-Windowed,LFU,10,19.2,20.238821026512635,5,5,0
sequential,40,RL-Windowed,LRU,10,19.2,20.238821026512635,5,5,0
sequential,40,RL-Windowed,LeCaR-inspired,10,19.2,20.238821026512635,5,5,0
sequential,40,RL-Windowed,MRU,10,-19.466666666666665,20.238821026512632,0,1,9
sequential,40,RL-Windowed,OPT,10,-19.466666666666665,20.238821026512632,0,1,9
sequential,40,RL-Windowed,RL-FixedCommit-20,10,-15.6,19.853040318211796,0,2,8
