workload,capacity,policy,trials,deterministic_workload,trials_with_training_overlap,hit_rate_mean,hit_rate_std,fault_rate_mean,fault_rate_std,faults_mean,faults_std,gap_to_opt_pct_mean,gap_to_opt_pct_std,fault_reduction_vs_best_fixed_pct_mean,fault_reduction_vs_best_fixed_pct_std,exec_time_s_mean,exec_time_s_std,train_time_s_mean,train_time_s_std,wins_vs_best_fixed,ties_vs_best_fixed,losses_vs_best_fixed
locality,10,FIFO,10,False,0,0.2993,0.006886110550849334,0.7007,0.00688611055084934,2102.1,20.658331652548004,-4.710948472007533,1.6072663850218152,-13.970644570273782,2.0495455869270094,0.0030110337001133304,0.0005541289625871515,0.0,0.0,0,0,10
locality,10,LFU,10,False,0,0.38506666666666667,0.009225300691007644,0.6149333333333333,0.009225300691007654,1844.8,27.675902073022943,25.107622171662968,3.5724355979028237,0.0,0.0,0.003396935500040854,0.0006157849612906078,0.0,0.0,0,10,0
locality,10,LRU,10,False,0,0.3128,0.008186408489112746,0.6872,0.00818640848911275,2061.6,24.559225467338248,0.0,0.0,-11.76992184921673,1.8415033377422876,0.0031386619999466347,0.0008767618436642358,0.0,0.0,0,0,10
locality,10,LeCaR-inspired,10,False,0,0.3221,0.00739711321737185,0.6779000000000001,0.007397113217371836,2033.7,22.19133965211554,3.2340732468795492,1.1632769292784277,-10.25781156562072,1.7720136414495118,0.005094095999811543,0.0003388851172419292,0.0,0.0,0,0,10
locality,10,MRU,10,False,0,0.12453333333333333,0.013249924295148275,0.8754666666666666,0.01324992429514828,2626.4,39.74977288544482,-65.5732623499756,7.267856029976043,-42.40685477693676,3.5248642462097943,0.003127528400000301,0.0002102753807924288,0.0,0.0,0,0,10
locality,10,OPT,10,False,0,0.6003666666666667,0.004922736366426022,0.39963333333333334,0.004922736366426034,1198.9,14.768209099278083,100.0,0.0,35.001523498721866,1.0928735687155247,0.002451840799949423,0.0002735033708848896,0.0,0.0,10,0,0
locality,10,RL-FixedCommit-20,10,False,0,0.3400333333333333,0.02785786233412679,0.6599666666666667,0.027857862334126803,1979.9,83.57358700238039,9.4363146188466,9.289784514167014,-7.342663233183884,4.7480448943050435,0.0050303484998948985,0.0010352515440324916,0.13659360469991952,0.007275550011707456,1,0,9
locality,10,RL-Windowed,10,False,0,0.3433,0.022912851534283078,0.6567,0.022912851534283088,1970.1,68.73855460284926,10.566754622285886,8.648051877093579,-6.826202924409875,4.401190133767373,0.00480294059998414,0.0018295754949022764,0.10505915440007811,0.00972911119553169,0,0,10
locality,20,FIFO,10,False,0,0.5224,0.006438311257764082,0.4776,0.006438311257764088,1432.8,19.314933773292278,-25.705284620792256,3.205455702973706,-93.8109147061378,8.477130625431784,0.0026732435999292647,0.00016252938403217207,0.0,0.0,0,0,10
locality,20,LFU,10,False,0,0.7532,0.00989974435385102,0.2468,0.009899744353851018,740.4,29.699233061553027,79.77686425153281,6.137574832786459,0.0,0.0,0.002158615899861616,0.0005426623793966892,0.0,0.0,0,10,0
locality,20,LRU,10,False,0,0.5785333333333333,0.008332888877036407,0.42146666666666666,0.008332888877036404,1264.4,24.998666631109213,0.0,0.0,-71.04250943528888,8.146427150051782,0.002412992300105543,0.00024827167245667085,0.0,0.0,0,0,10
locality,20,LeCaR-inspired,10,False,0,0.6440333333333333,0.02065677780138524,0.35596666666666665,0.020656777801385258,1067.9,61.97033340415575,29.84363853412857,7.996237710614159,-44.50071225003965,10.898546354443429,0.004065404100037995,0.00048062788142008364,0.0,0.0,0,0,10
locality,20,MRU,10,False,0,0.23993333333333333,0.013999823632046054,0.7600666666666667,0.013999823632046052,2280.2,41.99947089613815,-154.8927432181759,10.817202715082002,-208.47232500394628,14.922318986604125,0.004034328400030063,0.0006129257556778166,0.0,0.0,0,0,10
locality,20,OPT,10,False,0,0.7974666666666667,0.005166845875028246,0.20253333333333334,0.0051668458750282415,607.6,15.500537625084707,100.0,0.0,17.779958055758893,4.616353681626785,0.002332592200036743,0.00029235654731876596,0.0,0.0,10,0,0
locality,20,RL-FixedCommit-20,10,False,0,0.6719333333333334,0.05621427260442354,0.3280666666666667,0.056214272604423556,984.2,168.64281781327065,42.4973139094714,25.481835853974534,-33.202956510039506,23.525517916911905,0.0033108919000369498,0.00038544109741343445,0.10548083760013469,0.008115124129748665,1,1,8
locality,20,RL-Windowed,10,False,0,0.6242,0.04592215635664818,0.37579999999999997,0.0459221563566482,1127.4,137.7664690699446,20.500369052859394,21.8985085691096,-52.33370508306059,18.530319889988135,0.00356653710032333,0.0002985192227764061,0.09818215870000131,0.011245138871105297,0,0,10
locality,40,FIFO,10,False,0,0.7483,0.008006864339003751,0.2517,0.008006864339003746,755.1,24.020593017011233,-127.00195604597602,9.874292474133565,-60.364299181428024,4.137316163325226,0.0023157126001024154,0.0002600997852244515,0.0,0.0,0,0,10
locality,40,LFU,10,False,0,0.8429333333333333,0.0035962943891363394,0.15706666666666666,0.0035962943891363155,471.2,10.788883167408942,11.563001548956516,6.680422227118159,-0.06289308176100629,0.19888538743197354,0.002167910999924061,0.00019996528905874637,0.0,0.0,0,9,1
locality,40,LRU,10,False,0,0.8348666666666666,0.005756799522368372,0.16513333333333333,0.005756799522368374,495.4,17.270398567105122,0.0,0.0,-5.205746728892117,2.902979548938651,0.0016569144999266428,0.00010589828823039982,0.0,0.0,0,1,9
locality,40,LeCaR-inspired,10,False,0,0.8390333333333333,0.0057680473620082585,0.16096666666666667,0.0057680473620082525,482.9,17.30414208602476,6.083162212110216,2.1882640707184917,-2.5500213794850635,2.921719170055324,0.002799622099882981,0.00037668127438693355,0.0,0.0,2,0,8
locality,40,MRU,10,False,0,0.4404666666666667,0.021706345433968495,0.5595333333333333,0.021706345433968523,1678.6,65.11903630190552,-578.7230172745263,42.040287542276516,-256.5576741064635,14.078512715274622,0.004658998799914116,0.0007284658013895712,0.0,0.0,0,0,10
locality,40,OPT,10,False,0,0.9031666666666667,0.0034969122181902914,0.09683333333333333,0.003496912218190271,290.5,10.49073665457081,100.0,0.0,38.31901852946303,1.3316938552811988,0.001970957999856182,0.0005124319882444437,0.0,0.0,10,0,0
locality,40,RL-FixedCommit-20,10,False,0,0.8088,0.03498260590707021,0.1912,0.034982605907070204,573.6,104.9478177212106,-37.49076249496065,44.02741385929014,-21.658807485239784,20.847562213319524,0.003097625200098264,0.0008279454317480179,0.07600516340007743,0.007514232837964579,1,0,9
locality,40,RL-Windowed,10,False,0,0.8055666666666667,0.03570352889153455,0.19443333333333335,0.03570352889153455,583.3,107.11058667460364,-43.69836810706808,54.23242461433201,-24.082907551683657,23.918349231215558,0.0033174215001054107,0.000949206948085044,0.08635940260010103,0.014179423193195635,0,0,10
looping,10,FIFO,10,True,10,0.0,0.0,1.0,0.0,3000,0.0,0.0,0.0,-38.69625520110957,0.0,0.003300790800130926,0.0003389519752241052,0.0,0.0,0,0,10
looping,10,LFU,10,True,10,0.0,0.0,1.0,0.0,3000,0.0,0.0,0.0,-38.69625520110957,0.0,0.004296376399815926,0.000249126443227943,0.0,0.0,0,0,10
looping,10,LRU,10,True,10,0.0,0.0,1.0,0.0,3000,0.0,0.0,0.0,-38.69625520110957,0.0,0.003552873799981171,0.0007239278338591913,0.0,0.0,0,0,10
looping,10,LeCaR-inspired,10,True,10,0.0,0.0,1.0,0.0,3000,0.0,0.0,0.0,-38.69625520110957,0.0,0.00595958679996329,0.00037920627863760316,0.0,0.0,0,0,10
looping,10,MRU,10,True,10,0.279,0.0,0.721,0.0,2163,0.0,100.0,0.0,0.0,0.0,0.0025078353000026255,0.00018750952848326055,0.0,0.0,0,10,0
looping,10,OPT,10,True,10,0.279,0.0,0.721,0.0,2163,0.0,100.0,0.0,0.0,0.0,0.0033110560000750413,0.00019896439151154347,0.0,0.0,0,10,0
looping,10,RL-FixedCommit-20,10,True,10,0.279,0.0,0.721,0.0,2163,0.0,100.0,0.0,0.0,0.0,0.003975927199917351,0.00024454449762137577,0.1375484005000544,0.008066135463844923,0,10,0
looping,10,RL-Windowed,10,True,10,0.2772,0.0015491933384829681,0.7228,0.0015491933384829681,2168.4,4.6475800154489,99.35483870967742,0.5552664295637887,-0.24965325936199723,0.21486731463009245,0.00397411270014345,0.0003750407967263808,0.09399061169997366,0.003908905699256214,0,4,6
looping,20,FIFO,10,True,10,0.0,0.0,1.0,0.0,3000,0.0,0.0,0.0,-143.30900243309003,0.0,0.004442842299977201,0.00025483616837233564,0.0,0.0,0,0,10
looping,20,LFU,10,True,10,0.0,0.0,1.0,0.0,3000,0.0,0.0,0.0,-143.30900243309003,0.0,0.006319445000008273,0.0003846775925111561,0.0,0.0,0,0,10
looping,20,LRU,10,True,10,0.0,0.0,1.0,0.0,3000,0.0,0.0,0.0,-143.30900243309003,0.0,0.004356844300036755,0.00025324811792485106,0.0,0.0,0,0,10
looping,20,LeCaR-inspired,10,True,10,0.0,0.0,1.0,0.0,3000,0.0,0.0,0.0,-143.30900243309003,0.0,0.0085833365000326,0.0004072472825507003,0.0,0.0,0,0,10
looping,20,MRU,10,True,10,0.589,0.0,0.411,0.0,1233,0.0,100.0,0.0,0.0,0.0,0.0022352695998961282,0.0002267139452221901,0.0,0.0,0,10,0
looping,20,OPT,10,True,10,0.589,0.0,0.411,0.0,1233,0.0,100.0,0.0,0.0,0.0,0.0034633103999112793,0.00023437572393806595,0.0,0.0,0,10,0
looping,20,RL-FixedCommit-20,10,True,10,0.589,0.0,0.411,0.0,1233,0.0,100.0,0.0,0.0,0.0,0.0033430861997658214,0.0006672846118794668,0.09297270229999413,0.004116040531483653,0,10,0
looping,20,RL-Windowed,10,True,10,0.5851999999999999,0.003270519270130691,0.4148,0.0032705192701307203,1244.4,9.811557810392122,99.35483870967742,0.5552664295637887,-0.9245742092457421,0.7957467810537001,0.003343900800246047,0.0005868565707063808,0.08406509879987425,0.0028424239748164,0,4,6
looping,40,FIFO,10,True,10,0.989,0.0,0.011,0.0,33,0.0,,,0.0,0.0,0.0005996569998387713,3.451299466572687e-05,0.0,0.0,0,10,0
looping,40,LFU,10,True,10,0.989,0.0,0.011,0.0,33,0.0,,,0.0,0.0,0.0005937059999268967,3.722234621619253e-05,0.0,0.0,0,10,0
looping,40,LRU,10,True,10,0.989,0.0,0.011,0.0,33,0.0,,,0.0,0.0,0.0006054456000128994,6.627979045208908e-05,0.0,0.0,0,10,0
looping,40,LeCaR-inspired,10,True,10,0.989,0.0,0.011,0.0,33,0.0,,,0.0,0.0,0.0007071359001201927,6.0626449192009433e-05,0.0,0.0,0,10,0
looping,40,MRU,10,True,10,0.989,0.0,0.011,0.0,33,0.0,,,0.0,0.0,0.0006038644999534881,5.98006463902349e-05,0.0,0.0,0,10,0
looping,40,OPT,10,True,10,0.989,0.0,0.011,0.0,33,0.0,,,0.0,0.0,0.0003763492000871338,1.1877819269930532e-05,0.0,0.0,0,10,0
looping,40,RL-FixedCommit-20,10,True,10,0.989,0.0,0.011,0.0,33,0.0,,,0.0,0.0,0.0006874442999105668,7.659498226505675e-05,0.01747215759996834,0.0009629674454837134,0,10,0
looping,40,RL-Windowed,10,True,10,0.989,0.0,0.011,0.0,33,0.0,,,0.0,0.0,0.00171790560007139,0.00036909214645022967,0.040992649700274345,0.0011187378045723444,0,10,0
mixed,10,FIFO,10,False,0,0.1026,0.03303376499325546,0.8974,0.03303376499325546,2692.2,99.10129497976637,-1.3862317454874795,0.7170212420745421,-10.104770588833128,7.173256517113539,0.0033068916000047466,0.0006664289615242594,0.0,0.0,0,0,10
mixed,10,LFU,10,False,0,0.1805,0.0636218089015177,0.8195,0.0636218089015177,2458.5,190.86542670455304,29.9899799643131,21.125297061721913,-0.14501513081097828,0.3057795112750838,0.0041818383999270735,0.0013758066498228373,0.0,0.0,0,8,2
mixed,10,LRU,10,False,0,0.10606666666666667,0.03299225498338798,0.8939333333333334,0.03299225498338799,2681.8,98.97676495016394,0.0,0.0,-9.677964720223432,7.124678158310339,0.0034846707999349746,0.0012969320327611104,0.0,0.0,0,1,9
mixed,10,LeCaR-inspired,10,False,0,0.10696666666666667,0.0324065417873812,0.8930333333333333,0.03240654178738121,2679.1,97.2196253621436,0.32518182218463554,0.8805201518683115,-9.571064437720418,7.134955002143671,0.006851877600001899,0.0017599799702327028,0.0,0.0,1,0,9
mixed,10,MRU,10,False,0,0.1069,0.022708594120147117,0.8931,0.022708594120147103,2679.3,68.12578236044135,1.0549757499518413,14.837580682989874,-9.60942629534409,7.131773149535844,0.0033009439000124983,0.0006272218345138595,0.0,0.0,0,1,9
mixed,10,OPT,10,False,0,0.35916666666666663,0.05163601241166651,0.6408333333333334,0.051636012411666515,1922.5,154.90803723499954,100.0,0.0,21.423910577942213,6.724250901622045,0.0035349573001440147,0.0014094113647043888,0.0,0.0,10,0,0
mixed,10,RL-FixedCommit-20,10,False,0,0.17376666666666668,0.058156037445462404,0.8262333333333334,0.05815603744546239,2478.7,174.4681123363872,25.393906340840317,16.4902469951946,-1.3562917446340546,8.449807439997757,0.008154250600091473,0.009932764207486306,0.15758776240008956,0.020653903963392735,3,0,7
mixed,10,RL-Windowed,10,False,0,0.1744,0.04168008672771243,0.8256,0.041680086727712444,2476.8,125.04026018313728,26.19514914281178,14.661042129787754,-1.3003208236811479,7.454282795721875,0.00431403960010357,0.0004476306759715915,0.11574288479987445,0.017369976929656056,4,0,6
mixed,20,FIFO,10,False,0,0.21716666666666667,0.06647867011490914,0.7828333333333333,0.06647867011490913,2348.5,199.4360103447274,3.697861797697488,10.960807429308389,-27.201882584223988,22.079600404636356,0.0038014897000721247,0.0005523657956141439,0.0,0.0,0,2,8
mixed,20,LFU,10,False,0,0.3621,0.11748412553654396,0.6379,0.11748412553654397,1913.7,352.45237660963187,44.16479074237981,26.659173097449383,-1.0630487297450015,2.4058526413837473,0.005953621500157169,0.004842434799894334,0.0,0.0,0,7,3
mixed,20,LRU,10,False,0,0.19826666666666667,0.06009679435176244,0.8017333333333333,0.06009679435176241,2405.2,180.2903830552873,0.0,0.0,-29.913747152911064,19.57832848842197,0.0040068917999633415,0.0007000508021023766,0.0,0.0,0,0,10
mixed,20,LeCaR-inspired,10,False,0,0.2164,0.06457741072007024,0.7836,0.06457741072007023,2350.8,193.7322321602107,4.989730232769506,3.882794978214409,-26.816447137677965,18.470921646886843,0.006991712900071434,0.0009045021889407545,0.0,0.0,0,0,10
mixed,20,MRU,10,False,0,0.22236666666666666,0.042374710021222756,0.7776333333333333,0.04237471002122275,2332.9,127.12413006366826,5.875986935980249,17.2726045919172,-26.004627771973993,17.491429944776186,0.003995473600116384,0.0004473405058070269,0.0,0.0,0,1,9
mixed,20,OPT,10,False,0,0.5791333333333333,0.07240936437632024,0.42086666666666667,0.07240936437632026,1262.6,217.22809312896075,100.0,0.0,31.937899621353207,13.138656825219453,0.004112448299929383,0.0008552978815782855,0.0,0.0,10,0,0
mixed,20,RL-FixedCommit-20,10,False,0,0.36363333333333336,0.08964283725766906,0.6363666666666666,0.08964283725766904,1909.1,268.92851177300713,42.82209243256505,17.233941564533474,-2.750098896590397,16.692986193311597,0.004749138400165975,0.000773743274099477,0.149292964399865,0.018205152714513572,4,0,6
mixed,20,RL-Windowed,10,False,0,0.359,0.09815759563195767,0.641,0.09815759563195767,1923,294.47278689587296,39.42695069564473,20.11366758351008,-3.5033938229392994,18.258363616245873,0.004934827399938513,0.0012068259368747572,0.12525818850008363,0.008143084150019209,3,0,7
mixed,40,FIFO,10,False,0,0.5541666666666667,0.10233511278462527,0.44583333333333336,0.10233511278462527,1337.5,307.0053383538758,-9.8626369640345,4.764194428473715,-23.11951434783878,15.01894669297868,0.0032806920000439275,0.0006424232985937688,0.0,0.0,0,0,10
mixed,40,LFU,10,False,0,0.6015666666666667,0.13158680653591753,0.3984333333333333,0.1315868065359175,1195.3,394.76041960775257,16.00621579514387,54.5214167250956,-7.645482980162688,15.298913720373205,0.004505511200022738,0.0012973307810072643,0.0,0.0,0,7,3
mixed,40,LRU,10,False,0,0.5712666666666667,0.10442089569042262,0.42873333333333336,0.10442089569042262,1286.2,313.2626870712679,0.0,0.0,-17.956570090439836,13.585338991993286,0.0031320162000156417,0.0006281885964767414,0.0,0.0,0,2,8
mixed,40,LeCaR-inspired,10,False,0,0.5739666666666667,0.1031327144514458,0.4260333333333333,0.10313271445144578,1278.1,309.3981433543374,1.2636230300849265,3.171491370282769,-17.247540812914657,12.698095899780855,0.005776638400038792,0.0010841861976973823,0.0,0.0,2,0,8
mixed,40,MRU,10,False,0,0.4371333333333333,0.04861214602072964,0.5628666666666666,0.04861214602072965,1688.6,145.83643806218893,-91.3254860113932,109.56485453341455,-63.838551395912575,51.55895033021771,0.00409712890004812,0.00028535073132330863,0.0,0.0,0,1,9
mixed,40,OPT,10,False,0,0.7550333333333333,0.06791669734150635,0.24496666666666667,0.06791669734150636,734.9,203.7500920245191,100.0,0.0,32.91372481475238,8.801130698064812,0.003990653299752012,0.0010369555205196953,0.0,0.0,10,0,0
mixed,40,RL-FixedCommit-20,10,False,0,0.5536666666666666,0.09463653667624397,0.44633333333333336,0.094636536676244,1339,283.90961002873195,-13.307430362911862,37.67501076045141,-23.52886237959538,12.082383593526359,0.0044822343998930595,0.0008705861765145028,0.12997376359971896,0.009341376383582393,0,0,10
mixed,40,RL-Windowed,10,False,0,0.6035666666666667,0.07728096087381577,0.39643333333333336,0.07728096087381578,1189.3,231.84288262144736,15.18793025459441,23.792349357050462,-9.95592736730396,11.166417728535025,0.004455236299963872,0.0006475187300180979,0.12657506549994652,0.015201084956212713,2,0,8
random,10,FIFO,10,False,0,0.10066666666666667,0.00766425082710246,0.8993333333333333,0.007664250827102446,2698,22.99275248130738,-0.2590315485670939,0.779958577063957,-0.5331282390475512,0.4899813305710906,0.00299836679978398,0.00011255576906929242,0.0,0.0,0,1,9
random,10,LFU,10,False,0,0.09886666666666667,0.004557452179712955,0.9011333333333333,0.004557452179712953,2703.4,13.672356539138868,-1.0098690275709266,3.6109545342628877,-0.7381067168292083,0.7756498484657638,0.0038667153999995207,0.00023655749429245788,0.0,0.0,0,3,7
random,10,LRU,10,False,0,0.1013,0.008040714297856445,0.8986999999999999,0.008040714297856449,2696.1,24.12214289356934,0.0,0.0,-0.4621753796994181,0.5280140114430448,0.003046236999853136,0.00017696033028826715,0.0,0.0,0,4,6
random,10,LeCaR-inspired,10,False,0,0.10076666666666667,0.007781031065639339,0.8992333333333333,0.007781031065639315,2697.7,23.343093196918012,-0.2143817511612579,0.3742779490849123,-0.5221581116193542,0.5558076755244984,0.00532854020011655,0.00020627257638703068,0.0,0.0,0,0,10
random,10,MRU,10,False,0,0.10036666666666667,0.00596791834584858,0.8996333333333333,0.005967918345848559,2698.9,17.90375503754574,-0.40903296743864337,3.6354858385653444,-0.5685249765764705,0.6033734415937528,0.0030541268000888523,0.00013939813317047744,0.0,0.0,0,2,8
random,10,OPT,10,False,0,0.3509,0.006279596590015419,0.6491,0.0062795965900154255,1947.3,18.83878977004627,100.0,0.0,27.440388131239825,0.3100478429339023,0.003096264200121368,0.00015327385105730982,0.0,0.0,10,0,0
random,10,RL-FixedCommit-20,10,False,0,0.10273333333333333,0.00804739049799129,0.8972666666666667,0.008047390497991292,2691.8,24.14217149397387,0.5666338973571798,1.901097155885523,-0.30187604364049453,0.5144503966259322,0.004876050999791914,0.00039216153813779054,0.15462021120001737,0.0033360193632511245,2,1,7
random,10,RL-Windowed,10,False,0,0.10073333333333334,0.008837071186795647,0.8992666666666667,0.008837071186795652,2697.8,26.511213560386942,-0.24173952785507424,2.5105290316799542,-0.5250343370332765,0.5852210158599057,0.0043661854998390485,0.0004110072788810735,0.11346537599984004,0.006373859643277392,2,0,8
random,20,FIFO,10,False,0,0.19806666666666667,0.008939853894461646,0.8019333333333334,0.008939853894461643,2405.8,26.819561683384926,-0.20633701355808087,1.026312491965453,-1.1034449872145435,1.1164447092780327,0.004054534200076887,0.0006229597191136014,0.0,0.0,0,2,8
random,20,LFU,10,False,0,0.20086666666666667,0.006000411508522142,0.7991333333333334,0.006000411508522132,2397.4,18.001234525566417,0.6833276924568458,3.3868242069029137,-0.75144157372151,0.8745916085450003,0.0054938794998633965,0.0005112016407517406,0.0,0.0,0,3,7
random,20,LRU,10,False,0,0.1987,0.006803140160939114,0.8013,0.0068031401609391,2403.9,20.40942048281735,0.0,0.0,-1.025198020111596,1.0322996316430582,0.0037711166996814427,0.00020013341750423904,0.0,0.0,0,2,8
random,20,LeCaR-inspired,10,False,0,0.1988,0.0066243098871868545,0.8012,0.0066243098871868675,2403.6,19.872929661560555,0.03257891458653024,0.46953258031761386,-1.0129419671942188,1.051600404585588,0.007253012999899511,0.0008467125362999802,0.0,0.0,2,0,8
random,20,MRU,10,False,0,0.2003,0.007444361525243013,0.7997000000000001,0.007444361525243025,2399.1,22.333084575729046,0.49077017726028216,3.344076501606045,-0.8205125041191982,0.738599343044862,0.003838707500108285,0.00023363054756807654,0.0,0.0,0,3,7
random,20,OPT,10,False,0,0.5137,0.007661753659300373,0.4863,0.007661753659300359,1458.9,22.98526097790108,100.0,0.0,38.6921927547651,0.7847834041223036,0.004420071700042172,0.00031211844843920326,0.0,0.0,10,0,0
random,20,RL-FixedCommit-20,10,False,0,0.20233333333333334,0.0076674717773716075,0.7976666666666667,0.007667471777371613,2393,23.002415332114822,1.1617823065617532,3.3873119692605047,-0.5697137614790377,1.3606535323176796,0.005962121599986858,0.0005832009980796196,0.1821662663001007,0.007722867404476066,2,0,8
random,20,RL-Windowed,10,False,0,0.201,0.007649739768026005,0.7989999999999999,0.007649739768025991,2397,22.949219304078007,0.7190050718971475,1.6995831758781645,-0.7325368971608032,0.813025958955675,0.005416404599873204,0.0006077587869956556,0.1415859980001187,0.01663177379486637,2,0,8
random,40,FIFO,10,False,0,0.3951,0.01059355732462535,0.6049,0.010593557324625337,1814.7,31.780671973876057,-0.46586968618278235,2.7587582015368275,-1.6358336680570043,1.537181720205985,0.004482807199838135,0.0005588347037312943,0.0,0.0,0,2,8
random,40,LFU,10,False,0,0.39703333333333335,0.0077019317762766345,0.6029666666666667,0.007701931776276638,1808.9,23.105795328829903,0.11769771634274821,4.62012604631895,-1.320450673075591,1.743913496760455,0.00675170619997516,0.00037819069617744,0.0,0.0,0,3,7
random,40,LRU,10,False,0,0.39643333333333336,0.012499925925706434,0.6035666666666667,0.01249992592570646,1810.7,37.499777777119334,0.0,0.0,-1.405293036663238,1.4722854642497942,0.004490197600080137,0.00034316559713150395,0.0,0.0,0,2,8
random,40,LeCaR-inspired,10,False,0,0.3962333333333333,0.0114212818462879,0.6037666666666667,0.011421281846287917,1811.3,34.26384553886372,-0.07380742094036395,0.7059462820282054,-1.4418542191735861,1.444952700040566,0.0081369607999477,0.000643090937803221,0.0,0.0,1,0,9
random,40,MRU,10,False,0,0.3972333333333333,0.008143845665422582,0.6027666666666667,0.008143845665422578,1808.3,24.431536996267756,0.182929346861307,5.084730637386616,-1.285445224209923,1.7068024116474436,0.004617898700053047,0.0003971954913093404,0.0,0.0,0,4,6
random,40,OPT,10,False,0,0.7096,0.006727133192352784,0.2904,0.006727133192352766,871.2,20.1813995770583,100.0,0.0,51.21005334314139,0.8627573971271002,0.004696490300011647,0.0002180086526437337,0.0,0.0,10,0,0
random,40,RL-FixedCommit-20,10,False,0,0.39566666666666667,0.008582209563256667,0.6043333333333334,0.008582209563256667,1813,25.746628689770024,-0.2901640122538537,3.227887930935999,-1.5472835426040568,1.6680165454914813,0.006271477000154846,0.0009640766744217486,0.18381778080020011,0.022383048091576204,1,0,9
random,40,RL-Windowed,10,False,0,0.3950666666666667,0.007892487442162421,0.6049333333333333,0.00789248744216239,1814.8,23.677462326487234,-0.47883015124987593,2.4841692864094025,-1.6450774885402035,1.3273055011260169,0.005833679599982133,0.0006721043058418997,0.156026802100223,0.0192343332710106,1,0,9
sequential,10,FIFO,10,True,10,0.0,0.0,1.0,0.0,3000,0.0,0.0,0.0,-9.89010989010989,0.0,0.0032568164000622347,0.0002806946830591449,0.0,0.0,0,0,10
sequential,10,LFU,10,True,10,0.0,0.0,1.0,0.0,3000,0.0,0.0,0.0,-9.89010989010989,0.0,0.004353427000205556,0.000275643314207195,0.0,0.0,0,0,10
sequential,10,LRU,10,True,10,0.0,0.0,1.0,0.0,3000,0.0,0.0,0.0,-9.89010989010989,0.0,0.0032594913997854745,0.00019149397114251628,0.0,0.0,0,0,10
sequential,10,LeCaR-inspired,10,True,10,0.0,0.0,1.0,0.0,3000,0.0,0.0,0.0,-9.89010989010989,0.0,0.005186134299765399,0.0001272900197493498,0.0,0.0,0,0,10
sequential,10,MRU,10,True,10,0.09,0.0,0.91,0.0,2730,0.0,100.0,0.0,0.0,0.0,0.00306667370005016,0.00014989850719122016,0.0,0.0,0,10,0
sequential,10,OPT,10,True,10,0.09,0.0,0.91,0.0,2730,0.0,100.0,0.0,0.0,0.0,0.003648718899967207,0.00019324043510987555,0.0,0.0,0,10,0
sequential,10,RL-FixedCommit-20,10,True,10,0.054,0.046475800154489,0.9460000000000001,0.04647580015448899,2838,139.427400463467,60.0,51.63977794943222,-3.956043956043956,5.107230786207583,0.005054338500121958,0.0006225185762949463,0.16879234280013405,0.006173005869879307,0,6,4
sequential,10,RL-Windowed,10,True,10,0.060899999999999996,0.04202499256394937,0.9391,0.04202499256394936,2817.3,126.07497769184812,67.66666666666667,46.69443618216597,-3.197802197802198,4.618131050983448,0.0044030677999217,0.0003485405806921071,0.11235175950005213,0.005449315036310139,0,0,10
sequential,20,FIFO,10,True,10,0.0,0.0,1.0,0.0,3000,0.0,0.0,0.0,-23.45679012345679,0.0,0.004816543299966725,0.0008859368030490494,0.0,0.0,0,0,10
sequential,20,LFU,10,True,10,0.0,0.0,1.0,0.0,3000,0.0,0.0,0.0,-23.45679012345679,0.0,0.00635965950004902,0.0005341785270912917,0.0,0.0,0,0,10
sequential,20,LRU,10,True,10,0.0,0.0,1.0,0.0,3000,0.0,0.0,0.0,-23.45679012345679,0.0,0.0044528963001539525,0.00035486968598596335,0.0,0.0,0,0,10
sequential,20,LeCaR-inspired,10,True,10,0.0,0.0,1.0,0.0,3000,0.0,0.0,0.0,-23.45679012345679,0.0,0.007138578499962023,0.0005737316378777461,0.0,0.0,0,0,10
sequential,20,MRU,10,True,10,0.19,0.0,0.81,0.0,2430,0.0,100.0,0.0,0.0,0.0,0.00390839430028791,0.00042391725355835487,0.0,0.0,0,10,0
sequential,20,OPT,10,True,10,0.19,0.0,0.81,0.0,2430,0.0,100.0,0.0,0.0,0.0,0.005939006199878349,0.0004079424869444554,0.0,0.0,0,10,0
sequential,20,RL-FixedCommit-20,10,True,10,0.152,0.08011103405759894,0.8480000000000001,0.08011103405759892,2544,240.33310217279683,80.0,42.16370213557839,-4.691358024691358,9.890251118222093,0.005794492299901322,0.0009180040610295292,0.1783296833001259,0.012713453764278695,0,8,2
sequential,20,RL-Windowed,10,True,10,0.14756666666666668,0.07779952870465648,0.8524333333333334,0.07779952870465646,2557.3,233.39858611396943,77.66666666666669,40.947120370871836,-5.238683127572017,9.604880086994626,0.0050739883998176085,0.000251490372498339,0.13979817010003898,0.01169026848812769,0,1,9
sequential,40,FIFO,10,True,10,0.0,0.0,1.0,0.0,3000,0.0,0.0,0.0,-63.04347826086956,0.0,0.00643353270006628,0.00026241706240609806,0.0,0.0,0,0,10
sequential,40,LFU,10,True,10,0.0,0.0,1.0,0.0,3000,0.0,0.0,0.0,-63.04347826086956,0.0,0.010615214999961608,0.000600362794405922,0.0,0.0,0,0,10
sequential,40,LRU,10,True,10,0.0,0.0,1.0,0.0,3000,0.0,0.0,0.0,-63.04347826086956,0.0,0.0068199183000615445,0.0008626877270317486,0.0,0.0,0,0,10
sequential,40,LeCaR-inspired,10,True,10,0.0,0.0,1.0,0.0,3000,0.0,0.0,0.0,-63.04347826086956,0.0,0.0118654941999921,0.0007489062922627355,0.0,0.0,0,0,10
sequential,40,MRU,10,True,10,0.38666666666666666,0.0,0.6133333333333333,0.0,1840,0.0,100.0,0.0,0.0,0.0,0.0041225941002267065,0.00012280721886989547,0.0,0.0,0,10,0
sequential,40,OPT,10,True,10,0.38666666666666666,0.0,0.6133333333333333,0.0,1840,0.0,100.0,0.0,0.0,0.0,0.008212372300113202,0.00024763761883554497,0.0,0.0,0,10,0
sequential,40,RL-FixedCommit-20,10,True,10,0.348,0.12227473619317733,0.6519999999999999,0.12227473619317734,1956,366.824208579532,90.0,31.622776601683793,-6.304347826086956,19.93609829236587,0.00594181659989772,0.0010993288786490796,0.1706827083999997,0.014626981283128629,0,9,1
sequential,40,RL-Windowed,10,True,10,0.192,0.20238821026512635,0.808,0.20238821026512632,2424,607.164630795379,49.655172413793096,52.34177851684301,-31.739130434782606,32.99807776061842,0.007296828200014716,0.0024243889656644824,0.17272536949985806,0.018149074149698432,0,1,9
