workload,capacity,trial_seed,policy,source_policy,accesses,hits,faults,hit_rate,fault_rate,gap_to_opt_pct,best_fixed_faults,fault_reduction_vs_best_fixed_pct,vs_best_fixed,exec_time_s,train_time_s,policy_usage,q_states_before_eval,evaluation_seed,agent_seed,lecar_seed,trace_sha256,training_trace_overlap_count,deterministic_workload
sequential,20,0,FIFO,FIFO,3000,0,3000,0.0,1.0,0.0,2430,-23.45679012345679,loss,0.0036942498991265893,0.0,,0,999999,42,0,38bf24b7aba876e5b2ea5cc799290a7660425e26ca57bdacd133e03cdcc42cd2,25,True
sequential,20,0,LRU,LRU,3000,0,3000,0.0,1.0,0.0,2430,-23.45679012345679,loss,0.003546333988197148,0.0,,0,999999,42,0,38bf24b7aba876e5b2ea5cc799290a7660425e26ca57bdacd133e03cdcc42cd2,25,True
sequential,20,0,LFU,LFU,3000,0,3000,0.0,1.0,0.0,2430,-23.45679012345679,loss,0.004816874978132546,0.0,,0,999999,42,0,38bf24b7aba876e5b2ea5cc799290a7660425e26ca57bdacd133e03cdcc42cd2,25,True
sequential,20,0,MRU,MRU,3000,570,2430,0.19,0.81,100.0,2430,0.0,tie,0.002946458989754319,0.0,,0,999999,42,0,38bf24b7aba876e5b2ea5cc799290a7660425e26ca57bdacd133e03cdcc42cd2,25,True
sequential,20,0,OPT,OPT,3000,570,2430,0.19,0.81,100.0,2430,0.0,tie,0.005959791014902294,0.0,,0,999999,42,0,38bf24b7aba876e5b2ea5cc799290a7660425e26ca57bdacd133e03cdcc42cd2,25,True
sequential,20,0,LeCaR-inspired,LeCaR,3000,0,3000,0.0,1.0,0.0,2430,-23.45679012345679,loss,0.005145500064827502,0.0,,0,999999,42,0,38bf24b7aba876e5b2ea5cc799290a7660425e26ca57bdacd133e03cdcc42cd2,25,True
sequential,20,0,RL-Windowed,RL-Adaptive (windowed),3000,551,2449,0.18366666666666667,0.8163333333333334,96.66666666666669,2430,-0.7818930041152263,loss,0.0036888750037178397,0.10992258391343057,"{""FIFO"": 1, ""LFU"": 0, ""LRU"": 0, ""MRU"": 59}",2,999999,42,0,38bf24b7aba876e5b2ea5cc799290a7660425e26ca57bdacd133e03cdcc42cd2,25,True
sequential,20,0,RL-FixedCommit-20,RL-Adaptive (per-eviction),3000,570,2430,0.19,0.81,100.0,2430,0.0,tie,0.004011041019111872,0.1265052080852911,"{""FIFO"": 0, ""LFU"": 0, ""LRU"": 0, ""MRU"": 2410}",1,999999,42,0,38bf24b7aba876e5b2ea5cc799290a7660425e26ca57bdacd133e03cdcc42cd2,25,True
random,20,0,FIFO,FIFO,3000,584,2416,0.19466666666666665,0.8053333333333333,0.10330578512395557,2352,-2.7210884353741496,loss,0.0028005000203847885,0.0,,0,999999,42,0,b335eb4c6fee4102381182c0a71088bd7baed361ecb35f64cf733ee22d14e897,0,False
random,20,0,LRU,LRU,3000,583,2417,0.19433333333333333,0.8056666666666666,0.0,2352,-2.7636054421768708,loss,0.0028652920154854655,0.0,,0,999999,42,0,b335eb4c6fee4102381182c0a71088bd7baed361ecb35f64cf733ee22d14e897,0,False
random,20,0,LFU,LFU,3000,607,2393,0.20233333333333334,0.7976666666666666,2.4793388429752086,2352,-1.7431972789115646,loss,0.003783582942560315,0.0,,0,999999,42,0,b335eb4c6fee4102381182c0a71088bd7baed361ecb35f64cf733ee22d14e897,0,False
random,20,0,MRU,MRU,3000,648,2352,0.216,0.784,6.714876033057834,2352,0.0,tie,0.0028735001105815172,0.0,,0,999999,42,0,b335eb4c6fee4102381182c0a71088bd7baed361ecb35f64cf733ee22d14e897,0,False
random,20,0,OPT,OPT,3000,1551,1449,0.517,0.483,100.0,2352,38.392857142857146,win,0.004014750011265278,0.0,,0,999999,42,0,b335eb4c6fee4102381182c0a71088bd7baed361ecb35f64cf733ee22d14e897,0,False
random,20,0,LeCaR-inspired,LeCaR,3000,581,2419,0.19366666666666665,0.8063333333333333,-0.20661157024794555,2352,-2.848639455782313,loss,0.005117124994285405,0.0,,0,999999,42,0,b335eb4c6fee4102381182c0a71088bd7baed361ecb35f64cf733ee22d14e897,0,False
random,20,0,RL-Windowed,RL-Adaptive (windowed),3000,604,2396,0.20133333333333334,0.7986666666666666,2.1694214876033078,2352,-1.870748299319728,loss,0.003880040952935815,0.09663620800711215,"{""FIFO"": 1, ""LFU"": 0, ""LRU"": 20, ""MRU"": 39}",4,999999,42,0,b335eb4c6fee4102381182c0a71088bd7baed361ecb35f64cf733ee22d14e897,0,False
random,20,0,RL-FixedCommit-20,RL-Adaptive (per-eviction),3000,573,2427,0.191,0.809,-1.0330578512396933,2352,-3.188775510204082,loss,0.00411075004376471,0.1301405419362709,"{""FIFO"": 2187, ""LFU"": 0, ""LRU"": 100, ""MRU"": 120}",3,999999,42,0,b335eb4c6fee4102381182c0a71088bd7baed361ecb35f64cf733ee22d14e897,0,False
looping,20,0,FIFO,FIFO,3000,0,3000,0.0,1.0,0.0,1233,-143.30900243309003,loss,0.00335012492723763,0.0,,0,999999,42,0,af9df31b418f6d884bb83316866ac570006c8b25eb8f398e6798865695cb6aee,25,True
looping,20,0,LRU,LRU,3000,0,3000,0.0,1.0,0.0,1233,-143.30900243309003,loss,0.0033441249979659915,0.0,,0,999999,42,0,af9df31b418f6d884bb83316866ac570006c8b25eb8f398e6798865695cb6aee,25,True
looping,20,0,LFU,LFU,3000,0,3000,0.0,1.0,0.0,1233,-143.30900243309003,loss,0.004580375039950013,0.0,,0,999999,42,0,af9df31b418f6d884bb83316866ac570006c8b25eb8f398e6798865695cb6aee,25,True
looping,20,0,MRU,MRU,3000,1767,1233,0.589,0.411,100.0,1233,0.0,tie,0.0016740829451009631,0.0,,0,999999,42,0,af9df31b418f6d884bb83316866ac570006c8b25eb8f398e6798865695cb6aee,25,True
looping,20,0,OPT,OPT,3000,1767,1233,0.589,0.411,100.0,1233,0.0,tie,0.003554958966560662,0.0,,0,999999,42,0,af9df31b418f6d884bb83316866ac570006c8b25eb8f398e6798865695cb6aee,25,True
looping,20,0,LeCaR-inspired,LeCaR,3000,0,3000,0.0,1.0,0.0,1233,-143.30900243309003,loss,0.006561625050380826,0.0,,0,999999,42,0,af9df31b418f6d884bb83316866ac570006c8b25eb8f398e6798865695cb6aee,25,True
looping,20,0,RL-Windowed,RL-Adaptive (windowed),3000,1748,1252,0.5826666666666667,0.41733333333333333,98.9247311827957,1233,-1.5409570154095702,loss,0.002541958005167544,0.0658008330501616,"{""FIFO"": 1, ""LFU"": 0, ""LRU"": 0, ""MRU"": 59}",2,999999,42,0,af9df31b418f6d884bb83316866ac570006c8b25eb8f398e6798865695cb6aee,25,True
looping,20,0,RL-FixedCommit-20,RL-Adaptive (per-eviction),3000,1767,1233,0.589,0.411,100.0,1233,0.0,tie,0.002365416963584721,0.07149587501771748,"{""FIFO"": 0, ""LFU"": 0, ""LRU"": 0, ""MRU"": 1213}",1,999999,42,0,af9df31b418f6d884bb83316866ac570006c8b25eb8f398e6798865695cb6aee,25,True
locality,20,0,FIFO,FIFO,3000,1563,1437,0.521,0.479,-27.61310452418097,737,-94.9796472184532,loss,0.001910958904772997,0.0,,0,999999,42,0,66ad0b4a2a3e096794b8cf6d6970364abe999322b32ecd58183b77b36db07da3,0,False
locality,20,0,LRU,LRU,3000,1740,1260,0.58,0.42,0.0,737,-70.96336499321573,loss,0.0017917909426614642,0.0,,0,999999,42,0,66ad0b4a2a3e096794b8cf6d6970364abe999322b32ecd58183b77b36db07da3,0,False
locality,20,0,LFU,LFU,3000,2263,737,0.7543333333333333,0.24566666666666667,81.59126365054603,737,0.0,tie,0.001479458063840866,0.0,,0,999999,42,0,66ad0b4a2a3e096794b8cf6d6970364abe999322b32ecd58183b77b36db07da3,0,False
locality,20,0,MRU,MRU,3000,669,2331,0.223,0.777,-167.08268330733233,737,-216.28222523744913,loss,0.0028560409555211663,0.0,,0,999999,42,0,66ad0b4a2a3e096794b8cf6d6970364abe999322b32ecd58183b77b36db07da3,0,False
locality,20,0,OPT,OPT,3000,2381,619,0.7936666666666666,0.20633333333333334,100.0,737,16.010854816824967,win,0.0018544999184086919,0.0,,0,999999,42,0,66ad0b4a2a3e096794b8cf6d6970364abe999322b32ecd58183b77b36db07da3,0,False
locality,20,0,LeCaR-inspired,LeCaR,3000,1886,1114,0.6286666666666667,0.37133333333333335,22.776911076443046,737,-51.153324287652644,loss,0.00281708303373307,0.0,,0,999999,42,0,66ad0b4a2a3e096794b8cf6d6970364abe999322b32ecd58183b77b36db07da3,0,False
locality,20,0,RL-Windowed,RL-Adaptive (windowed),3000,1742,1258,0.5806666666666667,0.41933333333333334,0.3120124804992116,737,-70.69199457259158,loss,0.0026730839163064957,0.07006525003816932,"{""FIFO"": 1, ""LFU"": 2, ""LRU"": 57, ""MRU"": 0}",6,999999,42,0,66ad0b4a2a3e096794b8cf6d6970364abe999322b32ecd58183b77b36db07da3,0,False
locality,20,0,RL-FixedCommit-20,RL-Adaptive (per-eviction),3000,1735,1265,0.5783333333333334,0.4216666666666667,-0.780031201248068,737,-71.64179104477611,loss,0.0025326668983325362,0.07448116701561958,"{""FIFO"": 20, ""LFU"": 40, ""LRU"": 1145, ""MRU"": 40}",11,999999,42,0,66ad0b4a2a3e096794b8cf6d6970364abe999322b32ecd58183b77b36db07da3,0,False
mixed,20,0,FIFO,FIFO,3000,641,2359,0.21366666666666667,0.7863333333333333,-5.781990521327009,2240,-5.3125,loss,0.0027399160899221897,0.0,,0,999999,42,0,93ad6e1c7b84349c4af0d8ff53ca036b2fcce02b93afaa8a1a114c3e7e590343,0,False
mixed,20,0,LRU,LRU,3000,702,2298,0.234,0.766,0.0,2240,-2.5892857142857144,loss,0.0027255829190835357,0.0,,0,999999,42,0,93ad6e1c7b84349c4af0d8ff53ca036b2fcce02b93afaa8a1a114c3e7e590343,0,False
mixed,20,0,LFU,LFU,3000,760,2240,0.25333333333333335,0.7466666666666667,5.497630331753549,2240,0.0,tie,0.003559459000825882,0.0,,0,999999,42,0,93ad6e1c7b84349c4af0d8ff53ca036b2fcce02b93afaa8a1a114c3e7e590343,0,False
mixed,20,0,MRU,MRU,3000,638,2362,0.21266666666666667,0.7873333333333333,-6.066350710900468,2240,-5.446428571428571,loss,0.002887625014409423,0.0,,0,999999,42,0,93ad6e1c7b84349c4af0d8ff53ca036b2fcce02b93afaa8a1a114c3e7e590343,0,False
mixed,20,0,OPT,OPT,3000,1757,1243,0.5856666666666667,0.41433333333333333,100.0,2240,44.50892857142857,win,0.003396500018425286,0.0,,0,999999,42,0,93ad6e1c7b84349c4af0d8ff53ca036b2fcce02b93afaa8a1a114c3e7e590343,0,False
mixed,20,0,LeCaR-inspired,LeCaR,3000,726,2274,0.242,0.758,2.27488151658768,2240,-1.5178571428571428,loss,0.004779082955792546,0.0,,0,999999,42,0,93ad6e1c7b84349c4af0d8ff53ca036b2fcce02b93afaa8a1a114c3e7e590343,0,False
mixed,20,0,RL-Windowed,RL-Adaptive (windowed),3000,805,2195,0.2683333333333333,0.7316666666666667,9.763033175355448,2240,2.0089285714285716,win,0.0035468749701976776,0.08937562489882112,"{""FIFO"": 16, ""LFU"": 0, ""LRU"": 5, ""MRU"": 39}",9,999999,42,0,93ad6e1c7b84349c4af0d8ff53ca036b2fcce02b93afaa8a1a114c3e7e590343,0,False
mixed,20,0,RL-FixedCommit-20,RL-Adaptive (per-eviction),3000,1199,1801,0.39966666666666667,0.6003333333333334,47.10900473933648,2240,19.598214285714285,win,0.003197625046595931,0.1056547500193119,"{""FIFO"": 300, ""LFU"": 40, ""LRU"": 801, ""MRU"": 640}",15,999999,42,0,93ad6e1c7b84349c4af0d8ff53ca036b2fcce02b93afaa8a1a114c3e7e590343,0,False
